{
    "Cap": {
        "0": [
            1,
            6
        ],
        "1": [
            7,
            8
        ],
        "2": [
            9,
            10
        ]
    },
    "Prog Time": {
        "0": [
            50,
            115
        ],
        "1": [
            115,
            150
        ],
        "2": [
            150,
            175
        ],
        "3": [
            175,
            200
        ],
        "4": [
            200,
            215
        ],
        "5": [
            215,
            235
        ],
        "6": [
            235,
            275
        ],
        "7": [
            275,
            300
        ],
        "8": [
            300,
            500
        ]
    },
    "New CEC": {
        "0": [
            21.892947103274565,
            130.14294710327457
        ],
        "1": [
            130.14294710327457,
            162.61794710327456
        ],
        "2": [
            162.61794710327456,
            173.44294710327455
        ],
        "3": [
            173.44294710327455,
            216.74294710327456
        ],
        "4": [
            216.74294710327456,
            238.39294710327457
        ],
        "5": [
            238.39294710327457,
            303.3429471032746
        ],
        "6": [
            303.3429471032746,
            346.64294710327454
        ],
        "7": [
            346.64294710327454,
            454.89294710327454
        ]
    },
    "Combination": {
        "0": "False",
        "1": "True"
    },
    "Type": {
        "0": "Condensor",
        "1": "Vented"
    },
    "specifications_for_0": {
        "New CEC": [
            7,
            6,
            5
        ],
        "Prog Time": [
            0,
            5,
            1
        ],
        "Type": [
            1
        ],
        "Cap": [
            1,
            2,
            0
        ],
        "Combination": [
            0
        ]
    },
    "specifications_for_1": {
        "New CEC": [
            5,
            6
        ],
        "Prog Time": [
            3,
            4
        ],
        "Cap": [
            1,
            0
        ]
    },
    "specifications_for_2": {
        "New CEC": [
            1,
            0
        ],
        "Prog Time": [
            7,
            6
        ],
        "Type": [
            0
        ],
        "Cap": [
            1,
            0
        ],
        "Combination": [
            0
        ]
    }
}